中国/CN/24;https.qq.com.;121.51.36.46/38480
中国/CN/24;https.qq.com.;58.250.137.36/42225
中国/CN/24;;111.30.132.101/59583
中国/CN/24;https.qq.com.;125.39.52.26/200575
中国/CN/24;https.qq.com.;183.3.226.35/221976
中国/CN/24;https.qq.com.;182.254.50.164/1486
中国/CN/24;https.qq.com.;111.30.144.71/9266
中国/CN/24;news.qq.com.edgekey.net.;/1
中国/CN/24;https.qq.com.;203.205.151.47/32
中国/CN/24;;180.163.26.39/11381
中国/CN/24;https.qq.com.;61.129.7.47/169824
中国/CN/24;https.qq.com.;58.247.214.47/21156
中国/CN/24;https.qq.com.;123.151.137.18/100557
中国/CN/24;https.qq.com.;121.51.142.21/34391
